{"bounds": [[0.1, 0.9], [0.1, 0.9]], "sequence_length": 400, "default_connectivity_radius": 0.015, "dim": 2, "dt": 0.0025, "vel_mean": [-1.359716784536033e-05, -0.0009730185599338763], "vel_std": [0.0015711033056346475, 0.0019169904315631029], "acc_mean": [2.762737914587521e-07, -1.4692596138454737e-07], "acc_std": [0.0001552423611959992, 0.0001940578259545524]}