{"bounds": [[0.1, 0.9], [0.1, 0.9]], "sequence_length": 1000, "default_connectivity_radius": 0.015, "dim": 2, "dt": 0.0025, "vel_mean": [-7.015138177866919e-07, -0.0003254785057079781], "vel_std": [0.001120946572619328, 0.001372354098173555], "acc_mean": [-4.158867254206247e-09, 1.2863876356998685e-07], "acc_std": [8.678526295361265e-05, 0.00010218100348039267]}