{"bounds": [[0.1, 0.9], [0.1, 0.9]], "sequence_length": 1000, "default_connectivity_radius": 0.007, "dim": 2, "dt": 0.0025, "vel_mean": [1.1927917091800243e-05, -0.0002563314637168018], "vel_std": [0.0013973410613251076, 0.00131291713199288], "acc_mean": [-1.10709094667326e-08, 8.749365512454699e-08], "acc_std": [6.545267379756913e-05, 7.965494666766224e-05]}