{"bounds": [[0.1, 0.9], [0.1, 0.9]], "sequence_length": 1000, "default_connectivity_radius": 0.015, "dim": 2, "dt": 0.0025, "vel_mean": [-4.906372733478189e-06, -0.0003581614249505887], "vel_std": [0.0018492343327724738, 0.0018154400863548657], "acc_mean": [-1.3758095862050814e-08, 1.114232425851392e-07], "acc_std": [0.0001279824304831018, 0.0001388316140032424]}