{"bounds": [[0.1, 0.9], [0.1, 0.9]], "sequence_length": 2000, "default_connectivity_radius": 0.015, "dim": 2, "dt": 0.0025, "vel_mean": [-1.6980360564212602e-07, -8.640145990577913e-06], "vel_std": [0.0019821280616440194, 0.0012703546607050547], "acc_mean": [2.0628584451867204e-08, 2.1132264070623968e-08], "acc_std": [7.68467294599379e-05, 7.430235887718885e-05], "context_mean": [-0.0025300997878653694, 0.0, -0.002677288663220272, 0.0, 0.0005574343887751577, 0.0], "context_std": [0.41059815188837884, 0.0, 0.6743235908084795, 0.0, 5.958944632620058, 0.0]}